/*
===================== SQL THÊM NỘI DUNG VÀO CÁC BẢNG =====================
*/

-- Sử dụng Database Dormitories
use Dormitories;
go

		-- 0. Nhập thông tin giới tính
		insert into dbo.Gender (Gender) values ('Male'), ('Female')

		-- 1. Thêm nội dung vào bảng Staffs
		insert dbo.Staffs (StaffID, StaffName, StaffBirth, StaffGender, StaffPhone, StaffEmail) values ('ST001', N'Mai Ngọc Lương', NULL, 'Male', NULL, 'LuongMN@fpt.edu.vn')
		insert dbo.Staffs (StaffID, StaffName, StaffBirth, StaffGender, StaffPhone, StaffEmail) values ('ST002', N'Lại Xuân Thu', NULL, 'Female', NULL, 'ThuLX@fpt.edu.vn')
		insert dbo.Staffs (StaffID, StaffName, StaffBirth, StaffGender, StaffPhone, StaffEmail) values ('ST003', N'Nguyễn Quang Duy', NULL, 'Male', NULL, 'DuyNQ30@fpt.edu.vn')
		insert dbo.Staffs (StaffID, StaffName, StaffBirth, StaffGender, StaffPhone, StaffEmail) values ('ST004', N'Nguyễn Thanh Tâm', NULL, 'Female', NULL, 'TamNT122@fpt.edu.vn')
		insert dbo.Staffs (StaffID, StaffName, StaffBirth, StaffGender, StaffPhone, StaffEmail) values ('ST005', N'Phạm Quang Khang', NULL, 'Male', NULL, 'KhangPQ3@fpt.edu.vn')
		insert dbo.Staffs (StaffID, StaffName, StaffBirth, StaffGender, StaffPhone, StaffEmail) values ('ST006', N'Vương Minh Tuấn', '1989-01-05', 'Male', NULL, 'TuanVM2@fpt.edu.vn')
		insert dbo.Staffs (StaffID, StaffName, StaffBirth, StaffGender, StaffPhone, StaffEmail) values ('ST007', N'Đặng Trần Long', NULL, 'Male', NULL, 'LongDT12@fpt.edu.vn')
		insert dbo.Staffs (StaffID, StaffName, StaffBirth, StaffGender, StaffPhone, StaffEmail) values ('ST008', N'Lê Thanh Hải', '1976-12-21', 'Male', NULL, 'HaiLT@fpt.edu.vn')
		insert dbo.Staffs (StaffID, StaffName, StaffBirth, StaffGender, StaffPhone, StaffEmail) values ('ST009', N'Ngô Tùng Sơn', NULL, 'Male', NULL, 'SonNT5@fpt.edu.vn')
		insert dbo.Staffs (StaffID, StaffName, StaffBirth, StaffGender, StaffPhone, StaffEmail) values ('ST010', N'Trần Quý Ban', '1981-04-18', 'Male', NULL, 'BanTQ@fpt.edu.vn')
		insert dbo.Staffs (StaffID, StaffName, StaffBirth, StaffGender, StaffPhone, StaffEmail) values ('ST011', N'Nguyễn Khắc Xuân Bách', null, 'Male', NULL, 'BachNKX2@fpt.edu.vn')
		insert dbo.Staffs (StaffID, StaffName, StaffBirth, StaffGender, StaffPhone, StaffEmail) values ('ST012', N'Thái Thị Kim Chung', null, 'Female', NULL, 'ChungTTK2@fpt.edu.vn')
		insert dbo.Staffs (StaffID, StaffName, StaffBirth, StaffGender, StaffPhone, StaffEmail) values ('ST013', N'Hoàng Xuân Sơn', '1978-10-26', 'Male', NULL, 'SonHX@fpt.edu.vn')
		insert dbo.Staffs (StaffID, StaffName, StaffBirth, StaffGender, StaffPhone, StaffEmail) values ('ST014', N'Trần Lâm Quân', null, 'Male', NULL, 'QuanTL3@fpt.edu.vn')
		insert dbo.Staffs (StaffID, StaffName, StaffBirth, StaffGender, StaffPhone, StaffEmail) values ('ST015', N'Nguyễn Thị Thanh Huyền', null, 'Female', NULL, 'HuyenNTT97@fpt.edu.vn')
		insert dbo.Staffs (StaffID, StaffName, StaffBirth, StaffGender, StaffPhone, StaffEmail) values ('ST016', N'Hồ Kim Cường', null, 'Male', NULL, 'CuongHK@fpt.edu.vn')
		insert dbo.Staffs (StaffID, StaffName, StaffBirth, StaffGender, StaffPhone, StaffEmail) values ('ST017', N'Đàm Thanh Phương', null, 'Male', NULL, 'PhuongDT101@fpt.edu.vn')
		insert dbo.Staffs (StaffID, StaffName, StaffBirth, StaffGender, StaffPhone, StaffEmail) values ('ST018', N'Nguyễn Văn Thắng', null, 'Male', NULL, 'ThangNV75@fpt.edu.vn')
		insert dbo.Staffs (StaffID, StaffName, StaffBirth, StaffGender, StaffPhone, StaffEmail) values ('ST019', N'Hà Thị Hải Yến', null, 'Female', NULL, 'YenHTH15@fpt.edu.vn')
		insert dbo.Staffs (StaffID, StaffName, StaffBirth, StaffGender, StaffPhone, StaffEmail) values ('ST020', N'Ngô Văn Bình', null, 'Male', NULL, 'BinhNV2@fpt.edu.vn')
		insert dbo.Staffs (StaffID, StaffName, StaffBirth, StaffGender, StaffPhone, StaffEmail) values ('ST021', N'Nguyễn Thị Hoàng Yến', null, 'Female', NULL, 'YenNTH126@fpt.edu.vn')

		-- 2. Thêm nội dung vào bảng Students
		insert [dbo].[Students] (StudentID, StudentName, StudentBirth, StudentGender, StudentPhone, StudentEmail) values ('HE131011', N'Nguyễn Sỹ Kiên', NULL, 'Male', NULL, 'KienNSHE131011@fpt.edu.vn')
		insert [dbo].[Students] (StudentID, StudentName, StudentBirth, StudentGender, StudentPhone, StudentEmail) values ('HE150393', N'Nguyễn Tuấn Dương', NULL, 'Male', NULL, 'DuongNTHE150393@fpt.edu.vn')
		insert [dbo].[Students] (StudentID, StudentName, StudentBirth, StudentGender, StudentPhone, StudentEmail) values ('HE150416', N'Nguyễn Duy Anh', NULL, 'Male', NULL, 'AnhNDHE150416@fpt.edu.vn')
		insert [dbo].[Students] (StudentID, StudentName, StudentBirth, StudentGender, StudentPhone, StudentEmail) values ('HE150859', N'Vũ Hoàng Minh Quân', NULL, 'Male', NULL, 'QuanVHMHE150859@fpt.edu.vn')
		insert [dbo].[Students] (StudentID, StudentName, StudentBirth, StudentGender, StudentPhone, StudentEmail) values ('HE151224', N'Lưu Quang Minh', NULL, 'Male', NULL, 'MinhLQHE151224@fpt.edu.vn')
		insert [dbo].[Students] (StudentID, StudentName, StudentBirth, StudentGender, StudentPhone, StudentEmail) values ('HE151303', N'Lê Minh Quang', NULL, 'Male', NULL, 'QuangLMHE151303@fpt.edu.vn')
		insert [dbo].[Students] (StudentID, StudentName, StudentBirth, StudentGender, StudentPhone, StudentEmail) values ('HE151328', N'Đào Văn Huân', NULL, 'Male', NULL, 'HuanDVHE151328@fpt.edu.vn')
		insert [dbo].[Students] (StudentID, StudentName, StudentBirth, StudentGender, StudentPhone, StudentEmail) values ('HE160322', N'Phạm Thanh Thảo', NULL, 'Male', NULL, 'ThaoPTHE160322@fpt.edu.vn')
		insert [dbo].[Students] (StudentID, StudentName, StudentBirth, StudentGender, StudentPhone, StudentEmail) values ('HE160697', N'Nguyễn Đăng Hoàng', NULL, 'Male', NULL, 'HoangNDHE160697@fpt.edu.vn')
		insert [dbo].[Students] (StudentID, StudentName, StudentBirth, StudentGender, StudentPhone, StudentEmail) values ('HE161180', N'Phạm Việt Hưng', NULL, 'Male', NULL, 'HungPVHE161180@fpt.edu.vn')
		insert [dbo].[Students] (StudentID, StudentName, StudentBirth, StudentGender, StudentPhone, StudentEmail) values ('HE161604', N'Nguyễn Văn Duy', NULL, 'Male', NULL, 'DuyNVHE161604@fpt.edu.vn')
		insert [dbo].[Students] (StudentID, StudentName, StudentBirth, StudentGender, StudentPhone, StudentEmail) values ('HE161769', N'Vũ Đức Trung', NULL, 'Male', NULL, 'TrungVDHE161769@fpt.edu.vn')
		insert [dbo].[Students] (StudentID, StudentName, StudentBirth, StudentGender, StudentPhone, StudentEmail) values ('HE161838', N'Lê Bá Phong', NULL, 'Male', NULL, 'PhongLBHE161838@fpt.edu.vn')
		insert [dbo].[Students] (StudentID, StudentName, StudentBirth, StudentGender, StudentPhone, StudentEmail) values ('HE161881', N'Phùng Danh Hưng', NULL, 'Male', NULL, 'HungPDHE161881@fpt.edu.vn')
		insert [dbo].[Students] (StudentID, StudentName, StudentBirth, StudentGender, StudentPhone, StudentEmail) values ('HE163146', N'Bùi Việt Hùng', NULL, 'Male', NULL, 'HungBVHE163146@fpt.edu.vn')
		insert [dbo].[Students] (StudentID, StudentName, StudentBirth, StudentGender, StudentPhone, StudentEmail) values ('HE163468', N'Nguyễn Văn Thịnh', NULL, 'Male', NULL, 'ThinhNVHE163468@fpt.edu.vn')
		insert [dbo].[Students] (StudentID, StudentName, StudentBirth, StudentGender, StudentPhone, StudentEmail) values ('HE163720', N'Nguyễn Quang Huy', NULL, 'Male', NULL, 'HuyNQHE163720@fpt.edu.vn')
		insert [dbo].[Students] (StudentID, StudentName, StudentBirth, StudentGender, StudentPhone, StudentEmail) values ('HE170266', N'Đỗ Quang Minh', NULL, 'Male', NULL, 'MinhDQHE170266@fpt.edu.vn')
		insert [dbo].[Students] (StudentID, StudentName, StudentBirth, StudentGender, StudentPhone, StudentEmail) values ('HE170311', N'Nguyễn Nhật Tân', NULL, 'Male', NULL, 'TanNNHE170311@fpt.edu.vn')
		insert [dbo].[Students] (StudentID, StudentName, StudentBirth, StudentGender, StudentPhone, StudentEmail) values ('HE170358', N'Hoàng Bảo Ngọc', NULL, 'Male', NULL, 'NgocHBHE170358@fpt.edu.vn')
		insert [dbo].[Students] (StudentID, StudentName, StudentBirth, StudentGender, StudentPhone, StudentEmail) values ('HE170807', N'Chu Thế Văn', '2003-06-25', 'Male', '0976812898', 'VanCTHE170807@fpt.edu.vn')
		insert [dbo].[Students] (StudentID, StudentName, StudentBirth, StudentGender, StudentPhone, StudentEmail) values ('HE170992', N'Phạm Quang Hùng', NULL, 'Male', NULL, 'HungPQHE170992@fpt.edu.vn')
		insert [dbo].[Students] (StudentID, StudentName, StudentBirth, StudentGender, StudentPhone, StudentEmail) values ('HE171004', N'Nguyễn Văn Hào', NULL, 'Male', NULL, 'HaoNVHE171004@fpt.edu.vn')
		insert [dbo].[Students] (StudentID, StudentName, StudentBirth, StudentGender, StudentPhone, StudentEmail) values ('HE171104', N'Dương Việt Dũng', NULL, 'Male', NULL, 'DungDVHE171104@fpt.edu.vn')
		insert [dbo].[Students] (StudentID, StudentName, StudentBirth, StudentGender, StudentPhone, StudentEmail) values ('HE171174', N'Trần Ngọc Bảo', NULL, 'Male', NULL, 'BaoTNHE171174@fpt.edu.vn')
		insert [dbo].[Students] (StudentID, StudentName, StudentBirth, StudentGender, StudentPhone, StudentEmail) values ('HE171272', N'Phạm Quốc Nguyên', NULL, 'Male', NULL, 'NguyenPQHE171272@fpt.edu.vn')
		insert [dbo].[Students] (StudentID, StudentName, StudentBirth, StudentGender, StudentPhone, StudentEmail) values ('HE171338', N'Nguyễn Ngọc Khanh', NULL, 'Male', NULL, 'KhanhNNHE171338@fpt.edu.vn')
		insert [dbo].[Students] (StudentID, StudentName, StudentBirth, StudentGender, StudentPhone, StudentEmail) values ('HE171732', N'Ngô Kim Ngân', NULL, 'Female', NULL, 'NganNKHE171732@fpt.edu.vn')
		insert [dbo].[Students] (StudentID, StudentName, StudentBirth, StudentGender, StudentPhone, StudentEmail) values ('HE171938', N'Phạm Văn Minh', NULL, 'Male', NULL, 'MinhPVHE171938@fpt.edu.vn')
		insert [dbo].[Students] (StudentID, StudentName, StudentBirth, StudentGender, StudentPhone, StudentEmail) values ('HE171974', N'Phạm Cao Thắng', '2003-11-12', 'Male', NULL, 'ThangPCHE171974@fpt.edu.vn')
		insert [dbo].[Students] (StudentID, StudentName, StudentBirth, StudentGender, StudentPhone, StudentEmail) values ('HE172269', N'Vương Chung Nguyên', NULL, 'Male', NULL, 'NguyenVCHE172269@fpt.edu.vn')
		insert [dbo].[Students] (StudentID, StudentName, StudentBirth, StudentGender, StudentPhone, StudentEmail) values ('HE172515', N'Đỗ Vũ Quang Huy', NULL, 'Male', NULL, 'HuyDVQHE172515@fpt.edu.vn')
		insert [dbo].[Students] (StudentID, StudentName, StudentBirth, StudentGender, StudentPhone, StudentEmail) values ('HE172643', N'Lương Khánh Toàn', NULL, 'Male', NULL, 'ToanLKHE172643@fpt.edu.vn')
		insert [dbo].[Students] (StudentID, StudentName, StudentBirth, StudentGender, StudentPhone, StudentEmail) values ('HE172761', N'Đinh Quang Trung', NULL, 'Male', NULL, 'TrungDQHE172761@fpt.edu.vn')
		insert [dbo].[Students] (StudentID, StudentName, StudentBirth, StudentGender, StudentPhone, StudentEmail) values ('HE172774', N'Cao Xuân Bách', NULL, 'Male', NULL, 'BachCXHE172774@fpt.edu.vn')
		insert [dbo].[Students] (StudentID, StudentName, StudentBirth, StudentGender, StudentPhone, StudentEmail) values ('HE173048', N'Trần Văn Tuấn', '1996-10-08', 'Male', NULL, 'TuanTVHE173048@fpt.edu.vn')
		insert [dbo].[Students] (StudentID, StudentName, StudentBirth, StudentGender, StudentPhone, StudentEmail) values ('HE173067', N'Phạm Thái Sơn', NULL, 'Male', NULL, 'SonPTHE173067@fpt.edu.vn')
		insert [dbo].[Students] (StudentID, StudentName, StudentBirth, StudentGender, StudentPhone, StudentEmail) values ('HE173201', N'Nguyễn Hải Hoàn', NULL, 'Male', NULL, 'HoanNHHE173201@fpt.edu.vn')
		insert [dbo].[Students] (StudentID, StudentName, StudentBirth, StudentGender, StudentPhone, StudentEmail) values ('HE173240', N'Lê Nam Minh Quân', NULL, 'Male', NULL, 'QuanLNMHE173240@fpt.edu.vn')
		insert [dbo].[Students] (StudentID, StudentName, StudentBirth, StudentGender, StudentPhone, StudentEmail) values ('HE173339', N'Khổng Văn Hiếu', NULL, 'Male', NULL, 'HieuKVHE173339@fpt.edu.vn')
		insert [dbo].[Students] (StudentID, StudentName, StudentBirth, StudentGender, StudentPhone, StudentEmail) values ('HE173374', N'Đinh Hà Đức Anh', NULL, 'Male', NULL, 'AnhDHDHE173374@fpt.edu.vn')
		insert [dbo].[Students] (StudentID, StudentName, StudentBirth, StudentGender, StudentPhone, StudentEmail) values ('HE176173', N'Đào Quang Việt', NULL, 'Male', NULL, 'VietDQHE176173@fpt.edu.vn')
		insert [dbo].[Students] (StudentID, StudentName, StudentBirth, StudentGender, StudentPhone, StudentEmail) values ('HE176413', N'Trần Nam Thắng', '2003-09-06', 'Male', NULL, 'ThangTNHE176413@fpt.edu.vn')
		insert [dbo].[Students] (StudentID, StudentName, StudentBirth, StudentGender, StudentPhone, StudentEmail) values ('HE176674', N'Bùi Văn Nguyện', '2003-01-15', 'Male', NULL, 'NguyenBVHE176674@fpt.edu.vn')
		insert [dbo].[Students] (StudentID, StudentName, StudentBirth, StudentGender, StudentPhone, StudentEmail) values ('HE176759', N'Ngô Tuấn Anh', NULL, 'Male', NULL, 'AnhNTHE176759@fpt.edu.vn')
		insert [dbo].[Students] (StudentID, StudentName, StudentBirth, StudentGender, StudentPhone, StudentEmail) values ('HE176822', N'Trần Trung Đức', '2003-02-22', 'Male', NULL, 'DucTTHE176822@fpt.edu.vn')
		insert [dbo].[Students] (StudentID, StudentName, StudentBirth, StudentGender, StudentPhone, StudentEmail) values ('HE176884', N'Lê Khánh Duy', NULL, 'Male', NULL, 'DuyLKHE176884@fpt.edu.vn')
		insert [dbo].[Students] (StudentID, StudentName, StudentBirth, StudentGender, StudentPhone, StudentEmail) values ('HE180114', N'Nguyễn Quốc Khánh', NULL, 'Male', NULL, 'KhanhNQHE180114@fpt.edu.vn')
		insert [dbo].[Students] (StudentID, StudentName, StudentBirth, StudentGender, StudentPhone, StudentEmail) values ('HE180385', N'Phạm Quang Hưng', NULL, 'Male', NULL, 'HungPQHE180385@fpt.edu.vn')
		insert [dbo].[Students] (StudentID, StudentName, StudentBirth, StudentGender, StudentPhone, StudentEmail) values ('HE180423', N'Lưu Gia Khánh', NULL, 'Male', NULL, 'KhanhLGHE180423@fpt.edu.vn')
		insert [dbo].[Students] (StudentID, StudentName, StudentBirth, StudentGender, StudentPhone, StudentEmail) values ('HE180445', N'Dương Đức Tài', NULL, 'Male', NULL, 'TaiDDHE180445@fpt.edu.vn')
		insert [dbo].[Students] (StudentID, StudentName, StudentBirth, StudentGender, StudentPhone, StudentEmail) values ('HE180498', N'Bùi Hoàng Minh Quang', NULL, 'Male', NULL, 'QuangBHMHE180498@fpt.edu.vn')
		insert [dbo].[Students] (StudentID, StudentName, StudentBirth, StudentGender, StudentPhone, StudentEmail) values ('HE180525', N'Nguyễn Văn Hoài Nam', NULL, 'Male', NULL, 'NamNVHHE180525@fpt.edu.vn')
		insert [dbo].[Students] (StudentID, StudentName, StudentBirth, StudentGender, StudentPhone, StudentEmail) values ('HE180876', N'Nguyễn Đắc Đại', NULL, 'Male', NULL, 'DaiNDHE180876@fpt.edu.vn')
		insert [dbo].[Students] (StudentID, StudentName, StudentBirth, StudentGender, StudentPhone, StudentEmail) values ('HE180887', N'Nguyễn Thanh Khuê', NULL, 'Male', NULL, 'KhueNTHE180887@fpt.edu.vn')
		insert [dbo].[Students] (StudentID, StudentName, StudentBirth, StudentGender, StudentPhone, StudentEmail) values ('HE180997', N'Nguyễn Thế Nam', NULL, 'Male', NULL, 'NamNTHE180997@fpt.edu.vn')
		insert [dbo].[Students] (StudentID, StudentName, StudentBirth, StudentGender, StudentPhone, StudentEmail) values ('HE181215', N'Dương Quốc Đạt', NULL, 'Male', NULL, 'DatDQHE181215@fpt.edu.vn')
		insert [dbo].[Students] (StudentID, StudentName, StudentBirth, StudentGender, StudentPhone, StudentEmail) values ('HE181614', N'Trần Anh Dũng', '2004-01-30', 'Male', NULL, 'DungTAHE181614@fpt.edu.vn')
		insert [dbo].[Students] (StudentID, StudentName, StudentBirth, StudentGender, StudentPhone, StudentEmail) values ('HE181692', N'Nguyễn Tiến Đạt', NULL, 'Male', NULL, 'DatNTHE181692@fpt.edu.vn')
		insert [dbo].[Students] (StudentID, StudentName, StudentBirth, StudentGender, StudentPhone, StudentEmail) values ('HE181811', N'Ninh Hải Nam', '2004-09-15', 'Male', NULL, 'NamNHHE181811@fpt.edu.vn')
		insert [dbo].[Students] (StudentID, StudentName, StudentBirth, StudentGender, StudentPhone, StudentEmail) values ('HE181930', N'Nguyễn Trung Tùng', NULL, 'Male', NULL, 'TungNTHE181930@fpt.edu.vn')
		insert [dbo].[Students] (StudentID, StudentName, StudentBirth, StudentGender, StudentPhone, StudentEmail) values ('HE182139', N'Nguyễn Tuấn Anh', NULL, 'Male', NULL, 'AnhNTHE182139@fpt.edu.vn')
		insert [dbo].[Students] (StudentID, StudentName, StudentBirth, StudentGender, StudentPhone, StudentEmail) values ('HE182166', N'Đinh Quốc Vương', NULL, 'Male', NULL, 'VuongDQHE182166@fpt.edu.vn')
		insert [dbo].[Students] (StudentID, StudentName, StudentBirth, StudentGender, StudentPhone, StudentEmail) values ('HE186354', N'Nguyễn Minh Phương', NULL, 'Male', NULL, 'PhuongNMHE186354@fpt.edu.vn')
		insert [dbo].[Students] (StudentID, StudentName, StudentBirth, StudentGender, StudentPhone, StudentEmail) values ('HE186549', N'Nguyễn Hoàng Minh', '2004-04-13', 'Male', NULL, 'MinhNHHE186549@fpt.edu.vn')
		insert [dbo].[Students] (StudentID, StudentName, StudentBirth, StudentGender, StudentPhone, StudentEmail) values ('HE186637', N'Đỗ Trung Hiếu', '2004-10-27', 'Male', '0333129838', 'HieuDTHE186637@fpt.edu.vn')
		insert [dbo].[Students] (StudentID, StudentName, StudentBirth, StudentGender, StudentPhone, StudentEmail) values ('HE186695', N'Đặng Gia Huy', NULL, 'Male', NULL, 'HuyDGHE186695@fpt.edu.vn')
		insert [dbo].[Students] (StudentID, StudentName, StudentBirth, StudentGender, StudentPhone, StudentEmail) values ('HE186853', N'Nguyễn Hải Lâm', '2004-12-13', 'Male', NULL, 'LamNHHE186853@fpt.edu.vn')
		insert [dbo].[Students] (StudentID, StudentName, StudentBirth, StudentGender, StudentPhone, StudentEmail) values ('HE189017', N'Nguyễn Xuân Hà Nguyên', '2004-01-17', 'Female', NULL, 'NguyenNXHHE189017@fpt.edu.vn')
		insert [dbo].[Students] (StudentID, StudentName, StudentBirth, StudentGender, StudentPhone, StudentEmail) values ('HS170751', N'Phạm Hải Yến', '2003-08-25', 'Female', NULL, 'YenPHHS170751@fpt.edu.vn')
		insert [dbo].[Students] (StudentID, StudentName, StudentBirth, StudentGender, StudentPhone, StudentEmail) values ('HS170734', N'Nguyễn Đặng Huyền Trang', '2003-11-09', 'Female', NULL, 'TrangNDHHS170734@fpt.edu.vn')
		insert [dbo].[Students] (StudentID, StudentName, StudentBirth, StudentGender, StudentPhone, StudentEmail) values ('HE172719', N'Nguyễn Tân Tiến', '2003-12-20', 'Male', NULL, 'TienNTHE172719@fpt.edu.vn')
		insert [dbo].[Students] (StudentID, StudentName, StudentBirth, StudentGender, StudentPhone, StudentEmail) values ('HE172136', N'Chu Quang Anh', '2003-11-04', 'Male', NULL, 'AnhCQHE172136@fpt.edu.vn')
		insert [dbo].[Students] (StudentID, StudentName, StudentBirth, StudentGender, StudentPhone, StudentEmail) values ('HE170610', N'Nguyễn Ngọc Sơn', '2003-04-27', 'Male', NULL, 'SonNNHE170610@fpt.edu.vn')
		insert [dbo].[Students] (StudentID, StudentName, StudentBirth, StudentGender, StudentPhone, StudentEmail) values ('HE170877', N'Nguyễn Trường An', '2003-01-04', 'Male', NULL, 'AnNTHE170877@fpt.edu.vn')
		insert [dbo].[Students] (StudentID, StudentName, StudentBirth, StudentGender, StudentPhone, StudentEmail) values ('HE176715', N'Nguyễn Quang Thắng', '2003-03-24', 'Male', NULL, 'ThangNQHE176715@fpt.edu.vn')
		insert [dbo].[Students] (StudentID, StudentName, StudentBirth, StudentGender, StudentPhone, StudentEmail) values ('HE170220', N'Nguyễn Thị Huyền Trang', '2003-01-05', 'Female', NULL, 'TrangNTHHE170220@fpt.edu.vn')
		insert [dbo].[Students] (StudentID, StudentName, StudentBirth, StudentGender, StudentPhone, StudentEmail) values ('HE172403', N'Nguyễn Thị Thanh Huyền', '2003-10-18', 'Female', NULL, 'HuyenNTTHE172403@fpt.edu.vn')
		insert [dbo].[Students] (StudentID, StudentName, StudentBirth, StudentGender, StudentPhone, StudentEmail) values ('HS170502', N'Nguyễn Thị Vân Anh', '2003-09-13', 'Female', NULL, 'AnhNTVHS170502@fpt.edu.vn')
		insert [dbo].[Students] (StudentID, StudentName, StudentBirth, StudentGender, StudentPhone, StudentEmail) values ('HS170492', N'Hoàng Trung Hải', '2003-09-20', 'Male', NULL, 'HaiHTHS170492@fpt.edu.vn')
		insert [dbo].[Students] (StudentID, StudentName, StudentBirth, StudentGender, StudentPhone, StudentEmail) values ('HS171057', N'Đào Hải Ninh', '2003-05-01', 'Male', NULL, 'NinhDHHS171057@fpt.edu.vn')
		insert [dbo].[Students] (StudentID, StudentName, StudentBirth, StudentGender, StudentPhone, StudentEmail) values ('HS171063', N'Nguyễn Thị Tuyết Ly', '2003-03-21', 'Female', NULL, 'LyNTTHS171063@fpt.edu.vn')
		insert [dbo].[Students] (StudentID, StudentName, StudentBirth, StudentGender, StudentPhone, StudentEmail) values ('HE170080', N'Trần Thị Tố Uyên', '2003-03-13', 'Female', NULL, 'UyenTTTHE170080@fpt.edu.vn')
		insert [dbo].[Students] (StudentID, StudentName, StudentBirth, StudentGender, StudentPhone, StudentEmail) values ('HE181047', N'Nguyễn Như Cường', '2003-12-13', 'Male', NULL, 'CuongNNHE181047@fpt.edu.vn')



		-- 3. Thêm thông tin vào bảng DormBuilds
		insert dbo.DormBuilds (BuildID) values ('A')
		insert dbo.DormBuilds (BuildID) values ('B')
		insert dbo.DormBuilds (BuildID) values ('C')
		insert dbo.DormBuilds (BuildID) values ('D')
		insert dbo.DormBuilds (BuildID) values ('HEALTH CARE')
		insert dbo.DormBuilds (BuildID) values ('MANAGEMENT')

		-- 4. Bảng thông tin phòng KTX
		insert dbo.DormRooms (RoomID, BuildID, RoomNo) values ('A101', 'A', 101)
		insert dbo.DormRooms (RoomID, BuildID, RoomNo) values ('A102', 'A', 102)
		insert dbo.DormRooms (RoomID, BuildID, RoomNo) values ('A103', 'A', 103)
		insert dbo.DormRooms (RoomID, BuildID, RoomNo) values ('A104', 'A', 104)
		insert dbo.DormRooms (RoomID, BuildID, RoomNo) values ('A105', 'A', 105)
		insert dbo.DormRooms (RoomID, BuildID, RoomNo) values ('A106', 'A', 106)
		insert dbo.DormRooms (RoomID, BuildID, RoomNo) values ('A107', 'A', 107)
		insert dbo.DormRooms (RoomID, BuildID, RoomNo) values ('A108', 'A', 108)
		insert dbo.DormRooms (RoomID, BuildID, RoomNo) values ('A109', 'A', 109)
		insert dbo.DormRooms (RoomID, BuildID, RoomNo) values ('A110', 'A', 110)
		insert dbo.DormRooms (RoomID, BuildID, RoomNo) values ('B101', 'B', 101)
		insert dbo.DormRooms (RoomID, BuildID, RoomNo) values ('B102', 'B', 102)
		insert dbo.DormRooms (RoomID, BuildID, RoomNo) values ('B103', 'B', 103)
		insert dbo.DormRooms (RoomID, BuildID, RoomNo) values ('B104', 'B', 104)
		insert dbo.DormRooms (RoomID, BuildID, RoomNo) values ('B105', 'B', 105)
		insert dbo.DormRooms (RoomID, BuildID, RoomNo) values ('B106', 'B', 106)
		insert dbo.DormRooms (RoomID, BuildID, RoomNo) values ('B107', 'B', 107)
		insert dbo.DormRooms (RoomID, BuildID, RoomNo) values ('B108', 'B', 108)
		insert dbo.DormRooms (RoomID, BuildID, RoomNo) values ('B109', 'B', 109)
		insert dbo.DormRooms (RoomID, BuildID, RoomNo) values ('B110', 'B', 110)
		insert dbo.DormRooms (RoomID, BuildID, RoomNo) values ('C101', 'C', 101)
		insert dbo.DormRooms (RoomID, BuildID, RoomNo) values ('C102', 'C', 102)
		insert dbo.DormRooms (RoomID, BuildID, RoomNo) values ('C103', 'C', 103)
		insert dbo.DormRooms (RoomID, BuildID, RoomNo) values ('C104', 'C', 104)
		insert dbo.DormRooms (RoomID, BuildID, RoomNo) values ('C105', 'C', 105)
		insert dbo.DormRooms (RoomID, BuildID, RoomNo) values ('C106', 'C', 106)
		insert dbo.DormRooms (RoomID, BuildID, RoomNo) values ('C107', 'C', 107)
		insert dbo.DormRooms (RoomID, BuildID, RoomNo) values ('C108', 'C', 108)
		insert dbo.DormRooms (RoomID, BuildID, RoomNo) values ('C109', 'C', 109)
		insert dbo.DormRooms (RoomID, BuildID, RoomNo) values ('C110', 'C', 110)
		insert dbo.DormRooms (RoomID, BuildID, RoomNo) values ('D101', 'D', 101)
		insert dbo.DormRooms (RoomID, BuildID, RoomNo) values ('D102', 'D', 102)
		insert dbo.DormRooms (RoomID, BuildID, RoomNo) values ('D103', 'D', 103)
		insert dbo.DormRooms (RoomID, BuildID, RoomNo) values ('D104', 'D', 104)
		insert dbo.DormRooms (RoomID, BuildID, RoomNo) values ('D105', 'D', 105)
		insert dbo.DormRooms (RoomID, BuildID, RoomNo) values ('D106', 'D', 106)
		insert dbo.DormRooms (RoomID, BuildID, RoomNo) values ('D107', 'D', 107)
		insert dbo.DormRooms (RoomID, BuildID, RoomNo) values ('D108', 'D', 108)
		insert dbo.DormRooms (RoomID, BuildID, RoomNo) values ('D109', 'D', 109)
		insert dbo.DormRooms (RoomID, BuildID, RoomNo) values ('D110', 'D', 110)
		-- 5. Bảng thông tin giường KTX
		insert dbo.DormBeds (BedID, RoomID, BedNo) values ('D101-1', 'D101', 1)
		insert dbo.DormBeds (BedID, RoomID, BedNo) values ('D101-2', 'D101', 2)
		insert dbo.DormBeds (BedID, RoomID, BedNo) values ('D101-3', 'D101', 3)
		insert dbo.DormBeds (BedID, RoomID, BedNo) values ('D101-4', 'D101', 4)
		insert dbo.DormBeds (BedID, RoomID, BedNo) values ('D102-1', 'D102', 1)
		insert dbo.DormBeds (BedID, RoomID, BedNo) values ('D102-2', 'D102', 2)
		insert dbo.DormBeds (BedID, RoomID, BedNo) values ('D102-3', 'D102', 3)
		insert dbo.DormBeds (BedID, RoomID, BedNo) values ('D102-4', 'D102', 4)
		insert dbo.DormBeds (BedID, RoomID, BedNo) values ('D103-1', 'D103', 1)
		insert dbo.DormBeds (BedID, RoomID, BedNo) values ('D103-2', 'D103', 2)
		insert dbo.DormBeds (BedID, RoomID, BedNo) values ('D103-3', 'D103', 3)
		insert dbo.DormBeds (BedID, RoomID, BedNo) values ('D103-4', 'D103', 4)
		insert dbo.DormBeds (BedID, RoomID, BedNo) values ('D104-1', 'D104', 1)
		insert dbo.DormBeds (BedID, RoomID, BedNo) values ('D104-2', 'D104', 2)
		insert dbo.DormBeds (BedID, RoomID, BedNo) values ('D104-3', 'D104', 3)
		insert dbo.DormBeds (BedID, RoomID, BedNo) values ('D104-4', 'D104', 4)
		insert dbo.DormBeds (BedID, RoomID, BedNo) values ('D105-1', 'D105', 1)
		insert dbo.DormBeds (BedID, RoomID, BedNo) values ('D105-2', 'D105', 2)
		insert dbo.DormBeds (BedID, RoomID, BedNo) values ('D105-3', 'D105', 3)
		insert dbo.DormBeds (BedID, RoomID, BedNo) values ('D105-4', 'D105', 4)
		insert dbo.DormBeds (BedID, RoomID, BedNo) values ('D106-1', 'D106', 1)
		insert dbo.DormBeds (BedID, RoomID, BedNo) values ('D106-2', 'D106', 2)
		insert dbo.DormBeds (BedID, RoomID, BedNo) values ('D106-3', 'D106', 3)
		insert dbo.DormBeds (BedID, RoomID, BedNo) values ('D106-4', 'D106', 4)
		insert dbo.DormBeds (BedID, RoomID, BedNo) values ('D107-1', 'D107', 1)
		insert dbo.DormBeds (BedID, RoomID, BedNo) values ('D107-2', 'D107', 2)
		insert dbo.DormBeds (BedID, RoomID, BedNo) values ('D107-3', 'D107', 3)
		insert dbo.DormBeds (BedID, RoomID, BedNo) values ('D107-4', 'D107', 4)
		insert dbo.DormBeds (BedID, RoomID, BedNo) values ('D108-1', 'D108', 1)
		insert dbo.DormBeds (BedID, RoomID, BedNo) values ('D108-2', 'D108', 2)
		insert dbo.DormBeds (BedID, RoomID, BedNo) values ('D108-3', 'D108', 3)
		insert dbo.DormBeds (BedID, RoomID, BedNo) values ('D108-4', 'D108', 4)
		insert dbo.DormBeds (BedID, RoomID, BedNo) values ('D109-1', 'D109', 1)
		insert dbo.DormBeds (BedID, RoomID, BedNo) values ('D109-2', 'D109', 2)
		insert dbo.DormBeds (BedID, RoomID, BedNo) values ('D109-3', 'D109', 3)
		insert dbo.DormBeds (BedID, RoomID, BedNo) values ('D109-4', 'D109', 4)
		insert dbo.DormBeds (BedID, RoomID, BedNo) values ('D110-1', 'D110', 1)
		insert dbo.DormBeds (BedID, RoomID, BedNo) values ('D110-2', 'D110', 2)
		insert dbo.DormBeds (BedID, RoomID, BedNo) values ('D110-3', 'D110', 3)
		insert dbo.DormBeds (BedID, RoomID, BedNo) values ('D110-4', 'D110', 4)
		insert dbo.DormBeds (BedID, RoomID, BedNo) values ('C101-1', 'C101', 1)
		insert dbo.DormBeds (BedID, RoomID, BedNo) values ('C101-2', 'C101', 2)
		insert dbo.DormBeds (BedID, RoomID, BedNo) values ('C101-3', 'C101', 3)
		insert dbo.DormBeds (BedID, RoomID, BedNo) values ('C101-4', 'C101', 4)
		insert dbo.DormBeds (BedID, RoomID, BedNo) values ('C102-1', 'C102', 1)
		insert dbo.DormBeds (BedID, RoomID, BedNo) values ('C102-2', 'C102', 2)
		insert dbo.DormBeds (BedID, RoomID, BedNo) values ('C102-3', 'C102', 3)
		insert dbo.DormBeds (BedID, RoomID, BedNo) values ('C102-4', 'C102', 4)
		insert dbo.DormBeds (BedID, RoomID, BedNo) values ('C103-1', 'C103', 1)
		insert dbo.DormBeds (BedID, RoomID, BedNo) values ('C103-2', 'C103', 2)
		insert dbo.DormBeds (BedID, RoomID, BedNo) values ('C103-3', 'C103', 3)
		insert dbo.DormBeds (BedID, RoomID, BedNo) values ('C103-4', 'C103', 4)
		insert dbo.DormBeds (BedID, RoomID, BedNo) values ('C104-1', 'C104', 1)
		insert dbo.DormBeds (BedID, RoomID, BedNo) values ('C104-2', 'C104', 2)
		insert dbo.DormBeds (BedID, RoomID, BedNo) values ('C104-3', 'C104', 3)
		insert dbo.DormBeds (BedID, RoomID, BedNo) values ('C104-4', 'C104', 4)
		insert dbo.DormBeds (BedID, RoomID, BedNo) values ('C105-1', 'C105', 1)
		insert dbo.DormBeds (BedID, RoomID, BedNo) values ('C105-2', 'C105', 2)
		insert dbo.DormBeds (BedID, RoomID, BedNo) values ('C105-3', 'C105', 3)
		insert dbo.DormBeds (BedID, RoomID, BedNo) values ('C105-4', 'C105', 4)
		insert dbo.DormBeds (BedID, RoomID, BedNo) values ('C106-1', 'C106', 1)
		insert dbo.DormBeds (BedID, RoomID, BedNo) values ('C106-2', 'C106', 2)
		insert dbo.DormBeds (BedID, RoomID, BedNo) values ('C106-3', 'C106', 3)
		insert dbo.DormBeds (BedID, RoomID, BedNo) values ('C106-4', 'C106', 4)
		insert dbo.DormBeds (BedID, RoomID, BedNo) values ('C107-1', 'C107', 1)
		insert dbo.DormBeds (BedID, RoomID, BedNo) values ('C107-2', 'C107', 2)
		insert dbo.DormBeds (BedID, RoomID, BedNo) values ('C107-3', 'C107', 3)
		insert dbo.DormBeds (BedID, RoomID, BedNo) values ('C107-4', 'C107', 4)
		insert dbo.DormBeds (BedID, RoomID, BedNo) values ('C108-1', 'C108', 1)
		insert dbo.DormBeds (BedID, RoomID, BedNo) values ('C108-2', 'C108', 2)
		insert dbo.DormBeds (BedID, RoomID, BedNo) values ('C108-3', 'C108', 3)
		insert dbo.DormBeds (BedID, RoomID, BedNo) values ('C108-4', 'C108', 4)
		insert dbo.DormBeds (BedID, RoomID, BedNo) values ('C109-1', 'C109', 1)
		insert dbo.DormBeds (BedID, RoomID, BedNo) values ('C109-2', 'C109', 2)
		insert dbo.DormBeds (BedID, RoomID, BedNo) values ('C109-3', 'C109', 3)
		insert dbo.DormBeds (BedID, RoomID, BedNo) values ('C109-4', 'C109', 4)
		insert dbo.DormBeds (BedID, RoomID, BedNo) values ('C110-1', 'C110', 1)
		insert dbo.DormBeds (BedID, RoomID, BedNo) values ('C110-2', 'C110', 2)
		insert dbo.DormBeds (BedID, RoomID, BedNo) values ('C110-3', 'C110', 3)
		insert dbo.DormBeds (BedID, RoomID, BedNo) values ('C110-4', 'C110', 4)
		insert dbo.DormBeds (BedID, RoomID, BedNo) values ('B101-1', 'B101', 1)
		insert dbo.DormBeds (BedID, RoomID, BedNo) values ('B101-2', 'B101', 2)
		insert dbo.DormBeds (BedID, RoomID, BedNo) values ('B101-3', 'B101', 3)
		insert dbo.DormBeds (BedID, RoomID, BedNo) values ('B102-1', 'B102', 1)
		insert dbo.DormBeds (BedID, RoomID, BedNo) values ('B102-2', 'B102', 2)
		insert dbo.DormBeds (BedID, RoomID, BedNo) values ('B102-3', 'B102', 3)
		insert dbo.DormBeds (BedID, RoomID, BedNo) values ('B103-1', 'B103', 1)
		insert dbo.DormBeds (BedID, RoomID, BedNo) values ('B103-2', 'B103', 2)
		insert dbo.DormBeds (BedID, RoomID, BedNo) values ('B103-3', 'B103', 3)
		insert dbo.DormBeds (BedID, RoomID, BedNo) values ('B104-1', 'B104', 1)
		insert dbo.DormBeds (BedID, RoomID, BedNo) values ('B104-2', 'B104', 2)
		insert dbo.DormBeds (BedID, RoomID, BedNo) values ('B104-3', 'B104', 3)
		insert dbo.DormBeds (BedID, RoomID, BedNo) values ('B105-1', 'B105', 1)
		insert dbo.DormBeds (BedID, RoomID, BedNo) values ('B105-2', 'B105', 2)
		insert dbo.DormBeds (BedID, RoomID, BedNo) values ('B105-3', 'B105', 3)
		insert dbo.DormBeds (BedID, RoomID, BedNo) values ('B106-1', 'B106', 1)
		insert dbo.DormBeds (BedID, RoomID, BedNo) values ('B106-2', 'B106', 2)
		insert dbo.DormBeds (BedID, RoomID, BedNo) values ('B106-3', 'B106', 3)
		insert dbo.DormBeds (BedID, RoomID, BedNo) values ('B107-1', 'B107', 1)
		insert dbo.DormBeds (BedID, RoomID, BedNo) values ('B107-2', 'B107', 2)
		insert dbo.DormBeds (BedID, RoomID, BedNo) values ('B107-3', 'B107', 3)
		insert dbo.DormBeds (BedID, RoomID, BedNo) values ('B108-1', 'B108', 1)
		insert dbo.DormBeds (BedID, RoomID, BedNo) values ('B108-2', 'B108', 2)
		insert dbo.DormBeds (BedID, RoomID, BedNo) values ('B108-3', 'B108', 3)
		insert dbo.DormBeds (BedID, RoomID, BedNo) values ('B109-1', 'B109', 1)
		insert dbo.DormBeds (BedID, RoomID, BedNo) values ('B109-2', 'B109', 2)
		insert dbo.DormBeds (BedID, RoomID, BedNo) values ('B109-3', 'B109', 3)
		insert dbo.DormBeds (BedID, RoomID, BedNo) values ('B110-1', 'B110', 1)
		insert dbo.DormBeds (BedID, RoomID, BedNo) values ('B110-2', 'B110', 2)
		insert dbo.DormBeds (BedID, RoomID, BedNo) values ('B110-3', 'B110', 3)
		insert dbo.DormBeds (BedID, RoomID, BedNo) values ('A101-1', 'A101', 1)
		insert dbo.DormBeds (BedID, RoomID, BedNo) values ('A101-2', 'A101', 2)
		insert dbo.DormBeds (BedID, RoomID, BedNo) values ('A101-3', 'A101', 3)
		insert dbo.DormBeds (BedID, RoomID, BedNo) values ('A101-4', 'A101', 4)
		insert dbo.DormBeds (BedID, RoomID, BedNo) values ('A101-5', 'A101', 5)
		insert dbo.DormBeds (BedID, RoomID, BedNo) values ('A101-6', 'A101', 6)
		insert dbo.DormBeds (BedID, RoomID, BedNo) values ('A102-1', 'A102', 1)
		insert dbo.DormBeds (BedID, RoomID, BedNo) values ('A102-2', 'A102', 2)
		insert dbo.DormBeds (BedID, RoomID, BedNo) values ('A102-3', 'A102', 3)
		insert dbo.DormBeds (BedID, RoomID, BedNo) values ('A102-4', 'A102', 4)
		insert dbo.DormBeds (BedID, RoomID, BedNo) values ('A102-5', 'A102', 5)
		insert dbo.DormBeds (BedID, RoomID, BedNo) values ('A102-6', 'A102', 6)
		insert dbo.DormBeds (BedID, RoomID, BedNo) values ('A103-1', 'A103', 1)
		insert dbo.DormBeds (BedID, RoomID, BedNo) values ('A103-2', 'A103', 2)
		insert dbo.DormBeds (BedID, RoomID, BedNo) values ('A103-3', 'A103', 3)
		insert dbo.DormBeds (BedID, RoomID, BedNo) values ('A103-4', 'A103', 4)
		insert dbo.DormBeds (BedID, RoomID, BedNo) values ('A103-5', 'A103', 5)
		insert dbo.DormBeds (BedID, RoomID, BedNo) values ('A103-6', 'A103', 6)
		insert dbo.DormBeds (BedID, RoomID, BedNo) values ('A104-1', 'A104', 1)
		insert dbo.DormBeds (BedID, RoomID, BedNo) values ('A104-2', 'A104', 2)
		insert dbo.DormBeds (BedID, RoomID, BedNo) values ('A104-3', 'A104', 3)
		insert dbo.DormBeds (BedID, RoomID, BedNo) values ('A104-4', 'A104', 4)
		insert dbo.DormBeds (BedID, RoomID, BedNo) values ('A104-5', 'A104', 5)
		insert dbo.DormBeds (BedID, RoomID, BedNo) values ('A104-6', 'A104', 6)
		insert dbo.DormBeds (BedID, RoomID, BedNo) values ('A105-1', 'A105', 1)
		insert dbo.DormBeds (BedID, RoomID, BedNo) values ('A105-2', 'A105', 2)
		insert dbo.DormBeds (BedID, RoomID, BedNo) values ('A105-3', 'A105', 3)
		insert dbo.DormBeds (BedID, RoomID, BedNo) values ('A105-4', 'A105', 4)
		insert dbo.DormBeds (BedID, RoomID, BedNo) values ('A105-5', 'A105', 5)
		insert dbo.DormBeds (BedID, RoomID, BedNo) values ('A105-6', 'A105', 6)
		insert dbo.DormBeds (BedID, RoomID, BedNo) values ('A106-1', 'A106', 1)
		insert dbo.DormBeds (BedID, RoomID, BedNo) values ('A106-2', 'A106', 2)
		insert dbo.DormBeds (BedID, RoomID, BedNo) values ('A106-3', 'A106', 3)
		insert dbo.DormBeds (BedID, RoomID, BedNo) values ('A106-4', 'A106', 4)
		insert dbo.DormBeds (BedID, RoomID, BedNo) values ('A106-5', 'A106', 5)
		insert dbo.DormBeds (BedID, RoomID, BedNo) values ('A106-6', 'A106', 6)
		insert dbo.DormBeds (BedID, RoomID, BedNo) values ('A107-1', 'A107', 1)
		insert dbo.DormBeds (BedID, RoomID, BedNo) values ('A107-2', 'A107', 2)
		insert dbo.DormBeds (BedID, RoomID, BedNo) values ('A107-3', 'A107', 3)
		insert dbo.DormBeds (BedID, RoomID, BedNo) values ('A107-4', 'A107', 4)
		insert dbo.DormBeds (BedID, RoomID, BedNo) values ('A107-5', 'A107', 5)
		insert dbo.DormBeds (BedID, RoomID, BedNo) values ('A107-6', 'A107', 6)
		insert dbo.DormBeds (BedID, RoomID, BedNo) values ('A108-1', 'A108', 1)
		insert dbo.DormBeds (BedID, RoomID, BedNo) values ('A108-2', 'A108', 2)
		insert dbo.DormBeds (BedID, RoomID, BedNo) values ('A108-3', 'A108', 3)
		insert dbo.DormBeds (BedID, RoomID, BedNo) values ('A108-4', 'A108', 4)
		insert dbo.DormBeds (BedID, RoomID, BedNo) values ('A108-5', 'A108', 5)
		insert dbo.DormBeds (BedID, RoomID, BedNo) values ('A108-6', 'A108', 6)
		insert dbo.DormBeds (BedID, RoomID, BedNo) values ('A109-1', 'A109', 1)
		insert dbo.DormBeds (BedID, RoomID, BedNo) values ('A109-2', 'A109', 2)
		insert dbo.DormBeds (BedID, RoomID, BedNo) values ('A109-3', 'A109', 3)
		insert dbo.DormBeds (BedID, RoomID, BedNo) values ('A109-4', 'A109', 4)
		insert dbo.DormBeds (BedID, RoomID, BedNo) values ('A109-5', 'A109', 5)
		insert dbo.DormBeds (BedID, RoomID, BedNo) values ('A109-6', 'A109', 6)
		insert dbo.DormBeds (BedID, RoomID, BedNo) values ('A110-1', 'A110', 1)
		insert dbo.DormBeds (BedID, RoomID, BedNo) values ('A110-2', 'A110', 2)
		insert dbo.DormBeds (BedID, RoomID, BedNo) values ('A110-3', 'A110', 3)
		insert dbo.DormBeds (BedID, RoomID, BedNo) values ('A110-4', 'A110', 4)
		insert dbo.DormBeds (BedID, RoomID, BedNo) values ('A110-5', 'A110', 5)
		insert dbo.DormBeds (BedID, RoomID, BedNo) values ('A110-6', 'A110', 6)

		-- 6. Bảng thông tin kỳ học KTX
		insert dbo.TermDorms (TermID, Term, YearTerm, DateBegin, DateEnd) values ('SP21', 'Spring', 2021, '2021-01-01', '2021-04-30')
		insert dbo.TermDorms (TermID, Term, YearTerm, DateBegin, DateEnd) values ('SU21', 'Summer', 2021, '2021-05-01', '2021-08-31')
		insert dbo.TermDorms (TermID, Term, YearTerm, DateBegin, DateEnd) values ('FA21', 'Fall', 2021, '2021-09-01', '2021-12-31')
		insert dbo.TermDorms (TermID, Term, YearTerm, DateBegin, DateEnd) values ('SP22', 'Spring', 2022, '2022-01-01', '2022-04-30')
		insert dbo.TermDorms (TermID, Term, YearTerm, DateBegin, DateEnd) values ('SU22', 'Summer', 2022, '2022-05-01', '2022-08-31')
		insert dbo.TermDorms (TermID, Term, YearTerm, DateBegin, DateEnd) values ('FA22', 'Fall', 2022, '2022-09-01', '2022-12-31')
		insert dbo.TermDorms (TermID, Term, YearTerm, DateBegin, DateEnd) values ('SP23', 'Spring', 2023, '2023-01-01', '2023-04-30')
		insert dbo.TermDorms (TermID, Term, YearTerm, DateBegin, DateEnd) values ('SU23', 'Summer', 2023, '2023-05-01', '2023-08-31')
		insert dbo.TermDorms (TermID, Term, YearTerm, DateBegin, DateEnd) values ('FA23', 'Fall', 2023, '2023-09-01', '2023-12-31')
		insert dbo.TermDorms (TermID, Term, YearTerm, DateBegin, DateEnd) values ('SP24', 'Spring', 2024, '2024-01-01', '2024-04-30')
		insert dbo.TermDorms (TermID, Term, YearTerm, DateBegin, DateEnd) values ('SU24', 'Summer', 2024, '2024-05-01', '2024-08-31')
		insert dbo.TermDorms (TermID, Term, YearTerm, DateBegin, DateEnd) values ('FA24', 'Fall', 2024, '2024-09-01', '2024-12-31')

		-- 7. Nhập bảng thông tin Slot
		insert dbo.SlotDorms (Slot, TimeBegin, TimeEnd) values (1, '06:30:00', '14:00:00')
		insert dbo.SlotDorms (Slot, TimeBegin, TimeEnd) values (2, '14:30:00', '22:00:00')
		insert dbo.SlotDorms (Slot, TimeBegin, TimeEnd) values (3, '22:30:00', '06:00:00')

		-- 8. Nhập bảng thông tin Sinh viên trong KTX

		insert dbo.StuDorms (BedTermID, StudentID, BedID, TermID) values ('A106-5-SU22','HE170807', 'A106-5', 'SU22')
		insert dbo.StuDorms (BedTermID, StudentID, BedID, TermID) values ('A106-6-SU22','HE170610', 'A106-6', 'SU22')
		insert dbo.StuDorms (BedTermID, StudentID, BedID, TermID) values ('A106-1-SU22','HE170877', 'A106-1', 'SU22')
		insert dbo.StuDorms (BedTermID, StudentID, BedID, TermID) values ('A106-2-SU22','HE176715', 'A106-2', 'SU22')
		insert dbo.StuDorms (BedTermID, StudentID, BedID, TermID) values ('A106-3-SU22','HE186549', 'A106-3', 'SU22')
		insert dbo.StuDorms (BedTermID, StudentID, BedID, TermID) values ('A106-5-FA22','HE170807', 'A106-5', 'FA22')
		insert dbo.StuDorms (BedTermID, StudentID, BedID, TermID) values ('A106-6-FA22','HE170610', 'A106-6', 'FA22')
		insert dbo.StuDorms (BedTermID, StudentID, BedID, TermID) values ('A106-1-FA22','HE170877', 'A106-1', 'FA22')
		insert dbo.StuDorms (BedTermID, StudentID, BedID, TermID) values ('A106-2-FA22','HE176715', 'A106-2', 'FA22')
		insert dbo.StuDorms (BedTermID, StudentID, BedID, TermID) values ('A106-5-SP23','HE170807', 'A106-5', 'SP23')
		insert dbo.StuDorms (BedTermID, StudentID, BedID, TermID) values ('A106-6-SP23','HE170610', 'A106-6', 'SP23')
		insert dbo.StuDorms (BedTermID, StudentID, BedID, TermID) values ('A106-1-SP23','HE170877', 'A106-1', 'SP23')
		insert dbo.StuDorms (BedTermID, StudentID, BedID, TermID) values ('A106-2-SP23','HE176715', 'A106-2', 'SP23')
		insert dbo.StuDorms (BedTermID, StudentID, BedID, TermID) values ('A106-5-SU23','HE170807', 'A106-5', 'SU23')
		insert dbo.StuDorms (BedTermID, StudentID, BedID, TermID) values ('A106-6-SU23','HE170610', 'A106-6', 'SU23')
		insert dbo.StuDorms (BedTermID, StudentID, BedID, TermID) values ('A106-1-SU23','HE170877', 'A106-1', 'SU23')
		insert dbo.StuDorms (BedTermID, StudentID, BedID, TermID) values ('A106-2-SU23','HE176715', 'A106-2', 'SU23')
		insert dbo.StuDorms (BedTermID, StudentID, BedID, TermID) values ('A106-5-FA23','HE170807', 'A106-5', 'FA23')
		insert dbo.StuDorms (BedTermID, StudentID, BedID, TermID) values ('A106-6-FA23','HE170610', 'A106-6', 'FA23')
		insert dbo.StuDorms (BedTermID, StudentID, BedID, TermID) values ('A106-1-FA23','HE170877', 'A106-1', 'FA23')
		insert dbo.StuDorms (BedTermID, StudentID, BedID, TermID) values ('A106-2-FA23','HE176715', 'A106-2', 'FA23')
		insert dbo.StuDorms (BedTermID, StudentID, BedID, TermID) values ('A106-5-SP24','HE170807', 'A106-5', 'SP24')
		insert dbo.StuDorms (BedTermID, StudentID, BedID, TermID) values ('A106-6-SP24','HE170610', 'A106-6', 'SP24')
		insert dbo.StuDorms (BedTermID, StudentID, BedID, TermID) values ('A106-1-SP24','HE170877', 'A106-1', 'SP24')
		insert dbo.StuDorms (BedTermID, StudentID, BedID, TermID) values ('A106-2-SP24','HE176715', 'A106-2', 'SP24')
		insert dbo.StuDorms (BedTermID, StudentID, BedID, TermID) values ('A107-1-SP24','HE170220', 'A107-1', 'SP24')
		insert dbo.StuDorms (BedTermID, StudentID, BedID, TermID) values ('A107-2-SP24','HS170734', 'A107-2', 'SP24')
		insert dbo.StuDorms (BedTermID, StudentID, BedID, TermID) values ('A107-3-SP24','HS171063', 'A107-3', 'SP24')

		-- 9. Nhập thông tin ca làm của nhân viên
		insert into dbo.StaDorms (StaffID, BuildID, Slot) values ('ST001', 'A', 1)
		insert into dbo.StaDorms (StaffID, BuildID, Slot) values ('ST003', 'B', 1)
		insert into dbo.StaDorms (StaffID, BuildID, Slot) values ('ST005', 'HEALTH CARE', 1)
		insert into dbo.StaDorms (StaffID, BuildID, Slot) values ('ST013', 'HEALTH CARE', 1)
		insert into dbo.StaDorms (StaffID, BuildID, Slot) values ('ST007', 'C', 1)
		insert into dbo.StaDorms (StaffID, BuildID, Slot) values ('ST009', 'D', 1)
		insert into dbo.StaDorms (StaffID, BuildID, Slot) values ('ST011', 'MANAGEMENT', 1)
		insert into dbo.StaDorms (StaffID, BuildID, Slot) values ('ST015', 'MANAGEMENT', 1)
		insert into dbo.StaDorms (StaffID, BuildID, Slot) values ('ST002', 'A', 2)
		insert into dbo.StaDorms (StaffID, BuildID, Slot) values ('ST004', 'B', 2)
		insert into dbo.StaDorms (StaffID, BuildID, Slot) values ('ST006', 'C', 2)
		insert into dbo.StaDorms (StaffID, BuildID, Slot) values ('ST008', 'D', 2)
		insert into dbo.StaDorms (StaffID, BuildID, Slot) values ('ST010', 'HEALTH CARE', 2)
		insert into dbo.StaDorms (StaffID, BuildID, Slot) values ('ST012', 'HEALTH CARE', 2)
		insert into dbo.StaDorms (StaffID, BuildID, Slot) values ('ST014', 'MANAGEMENT', 2)
		insert into dbo.StaDorms (StaffID, BuildID, Slot) values ('ST016', 'MANAGEMENT', 2)
		insert into dbo.StaDorms (StaffID, BuildID, Slot) values ('ST017', 'A', 3)
		insert into dbo.StaDorms (StaffID, BuildID, Slot) values ('ST018', 'B', 3)
		insert into dbo.StaDorms (StaffID, BuildID, Slot) values ('ST019', 'C', 3)
		insert into dbo.StaDorms (StaffID, BuildID, Slot) values ('ST020', 'D', 3)
		insert into dbo.StaDorms (StaffID, BuildID, Slot) values ('ST021', 'MANAGEMENT', 3)

		-- 10. Nhập bảng số điện, nước
		insert into dbo.DormElecWater (RoomID, NumberofElectronicBefore, NumberofElectronicAfter, NumberofWaterBefore, NumberofWaterAfter) values ('A106', 13903, 15935, 705, 723)
		insert into dbo.DormElecWater (RoomID, NumberofElectronicBefore, NumberofElectronicAfter, NumberofWaterBefore, NumberofWaterAfter) values ('A107', 13397, 16219, 231, 240)


